{
  "task": "easy",
  "total_episodes": 200,
  "best_reward": -99143.30000000002,
  "first_avg_10": -112402.43999999999,
  "last_avg_10": -103691.37999999998,
  "improvement": 8711.060000000012,
  "federation_runs": 20,
  "training_time_s": 8.70802617073059,
  "episode_rewards": [
    -110851.2,
    -108904.20000000001,
    -113406.70000000003,
    -114347.30000000005,
    -112072.8,
    -113020.80000000003,
    -113437.49999999997,
    -110041.19999999995,
    -114056.49999999999,
    -113886.19999999998,
    -116822.3,
    -118532.10000000002,
    -117657.09999999998,
    -113724.79999999999,
    -110487.2,
    -112833.89999999995,
    -115372.70000000011,
    -112998.09999999998,
    -112927.20000000001,
    -114160.80000000003,
    -111534.69999999997,
    -112732.8,
    -109258.3,
    -110418.39999999998,
    -112884.09999999999,
    -112902.99999999999,
    -111374.29999999996,
    -116909.09999999995,
    -111202.19999999994,
    -110120.09999999999,
    -116051.00000000004,
    -112241.40000000005,
    -113099.30000000005,
    -111057.09999999996,
    -107894.50000000009,
    -108261.8,
    -113179.80000000005,
    -111876.39999999998,
    -111186.10000000002,
    -108935.60000000003,
    -111862.9,
    -110709.69999999997,
    -107016.10000000005,
    -107534.1,
    -108768.09999999998,
    -112193.79999999999,
    -111413.00000000007,
    -112526.49999999993,
    -113986.19999999995,
    -109428.70000000003,
    -109719.59999999996,
    -110537.69999999997,
    -110802.30000000002,
    -110268.79999999999,
    -107101.10000000005,
    -112667.49999999997,
    -108284.79999999996,
    -111584.99999999999,
    -109173.09999999995,
    -109749.50000000001,
    -112826.19999999995,
    -109096.0,
    -108583.99999999993,
    -106108.10000000008,
    -106824.39999999998,
    -110571.2,
    -108631.09999999999,
    -109608.9,
    -108434.70000000001,
    -112592.00000000001,
    -109905.99999999999,
    -109212.79999999994,
    -107240.1,
    -110037.40000000001,
    -113551.70000000004,
    -109059.00000000003,
    -108662.40000000001,
    -108377.19999999998,
    -103853.69999999995,
    -113126.40000000002,
    -105163.59999999998,
    -110792.79999999996,
    -108027.30000000005,
    -110705.59999999999,
    -109872.99999999997,
    -108991.59999999999,
    -109059.90000000004,
    -107898.30000000003,
    -103141.20000000006,
    -111087.79999999994,
    -106714.79999999999,
    -107617.7,
    -107551.89999999998,
    -105269.09999999998,
    -109287.60000000003,
    -111516.80000000005,
    -109004.59999999993,
    -103106.00000000001,
    -107634.80000000005,
    -107788.39999999995,
    -109774.0,
    -105111.09999999999,
    -109661.60000000003,
    -110474.00000000004,
    -105612.69999999994,
    -109108.09999999995,
    -107268.59999999996,
    -105983.09999999998,
    -108675.0,
    -107566.6,
    -107271.69999999994,
    -106440.19999999997,
    -106724.70000000004,
    -102411.80000000003,
    -107761.90000000004,
    -107337.70000000003,
    -106616.29999999997,
    -109443.70000000004,
    -107704.69999999997,
    -108121.19999999998,
    -109713.6,
    -110325.70000000001,
    -113237.3,
    -107622.2,
    -106268.80000000003,
    -106582.69999999998,
    -106203.09999999999,
    -105659.6,
    -107783.09999999998,
    -105854.0,
    -105923.1,
    -103801.30000000003,
    -108058.69999999997,
    -103342.89999999998,
    -102327.49999999996,
    -104740.19999999995,
    -108823.0,
    -108015.70000000004,
    -104331.7,
    -103982.29999999997,
    -106191.5,
    -99143.30000000002,
    -104071.50000000003,
    -107348.4,
    -103835.80000000006,
    -108110.90000000001,
    -109641.50000000004,
    -103327.59999999996,
    -108032.10000000002,
    -109116.80000000003,
    -102551.19999999997,
    -103868.80000000002,
    -105471.40000000001,
    -102444.29999999996,
    -101615.3,
    -104639.09999999992,
    -105520.10000000003,
    -105819.50000000006,
    -104495.50000000001,
    -104812.29999999999,
    -101571.29999999999,
    -102512.10000000002,
    -100979.0,
    -109487.8,
    -109034.99999999997,
    -107706.29999999997,
    -108961.30000000002,
    -106030.49999999996,
    -104334.5,
    -107504.5000000001,
    -100276.80000000002,
    -105533.7,
    -103230.6,
    -106923.70000000001,
    -106140.09999999998,
    -101327.4,
    -104756.90000000007,
    -102495.79999999997,
    -104628.60000000002,
    -106436.70000000004,
    -108236.2,
    -104984.60000000003,
    -104435.60000000002,
    -108245.79999999999,
    -106910.3,
    -109467.10000000006,
    -103679.90000000007,
    -108771.09999999999,
    -108837.20000000001,
    -104067.79999999994,
    -103451.30000000003,
    -102538.49999999996,
    -103631.2999999999,
    -102269.7,
    -101385.09999999999,
    -104150.49999999994,
    -105434.8,
    -100398.59999999999,
    -108031.30000000002,
    -105622.7
  ]
}